ds_name,id,frame_num,box_h,box_w,box_xc,box_yc,box_xc_cm,box_yc_cm
ThreePastShop1cor-cut,10.0,0.0,78.0,24.0,148.0,56.0,257.60690307617193,4499.77880859375
ThreePastShop1cor-cut,15.0,0.0,99.0,62.0,139.0,181.0,82.79991149902344,713.1309814453125
ThreePastShop1cor-cut,8.0,0.0,85.0,26.0,120.0,50.0,156.08609008789062,4927.11181640625
ThreePastShop1cor-cut,3.0,0.0,77.0,29.0,87.0,55.0,13.44798183441162,4549.13525390625
ThreePastShop1cor-cut,0.0,0.0,41.0,17.0,114.0,18.0,212.7453155517578,8691.958984375
ThreePastShop1cor-cut,13.0,1.0,100.0,62.0,136.0,181.0,77.48030090332031,713.162353515625
ThreePastShop1cor-cut,9.0,1.0,77.0,25.0,147.0,56.0,253.57589721679688,4499.4599609375
ThreePastShop1cor-cut,7.0,1.0,87.0,25.0,120.0,49.0,158.07167053222656,5005.3388671875
ThreePastShop1cor-cut,1.0,1.0,77.0,27.0,88.0,55.0,17.476144790649414,4549.4599609375
ThreePastShop1cor-cut,0.0,1.0,42.0,18.0,114.0,17.0,216.7245635986328,8874.17578125
ThreePastShop1cor-cut,15.0,2.0,101.0,62.0,135.0,180.0,76.16761779785156,726.610107421875
ThreePastShop1cor-cut,9.0,2.0,77.0,26.0,148.0,57.0,254.7594146728516,4431.89453125
ThreePastShop1cor-cut,7.0,2.0,88.0,26.0,120.0,50.0,156.08609008789062,4927.11181640625
ThreePastShop1cor-cut,2.0,2.0,78.0,29.0,87.0,56.0,13.041894912719727,4480.44482421875
ThreePastShop1cor-cut,0.0,2.0,42.0,19.0,113.0,17.0,210.11045837402344,8873.0029296875
ThreePastShop1cor-cut,7.0,3.0,89.0,26.0,120.0,49.0,158.07167053222656,5005.3388671875
ThreePastShop1cor-cut,17.0,3.0,102.0,62.0,134.0,180.0,74.38687896728516,726.6200561523438
ThreePastShop1cor-cut,1.0,3.0,77.0,26.0,88.0,56.0,17.029525756835938,4480.76025390625
ThreePastShop1cor-cut,9.0,3.0,76.0,25.0,148.0,58.0,251.9683380126953,4365.35546875
ThreePastShop1cor-cut,0.0,3.0,43.0,18.0,114.0,16.0,220.8381805419922,9062.544921875
ThreePastShop1cor-cut,22.0,3.0,3.0,4.0,163.0,206.0,110.09398651123048,411.7441711425781
ThreePastShop1cor-cut,20.0,3.0,25.0,11.0,84.0,12.0,23.304988861083984,9841.1513671875
ThreePastShop1cor-cut,8.0,4.0,82.0,28.0,120.0,53.0,150.37709045410156,4702.19140625
ThreePastShop1cor-cut,2.0,4.0,77.0,29.0,86.0,57.0,8.696690559387207,4412.81591796875
ThreePastShop1cor-cut,11.0,4.0,80.0,27.0,149.0,56.0,261.63864135742193,4500.09765625
ThreePastShop1cor-cut,18.0,4.0,101.0,60.0,135.0,180.0,76.16761779785156,726.610107421875
ThreePastShop1cor-cut,0.0,4.0,43.0,18.0,114.0,16.0,220.8381805419922,9062.544921875
ThreePastShop1cor-cut,21.0,4.0,27.0,12.0,145.0,16.0,430.367919921875,9100.58203125
ThreePastShop1cor-cut,23.0,4.0,3.0,4.0,163.0,205.0,110.64702606201172,422.6229553222656
ThreePastShop1cor-cut,8.0,5.0,83.0,27.0,120.0,52.0,152.24009704589844,4775.58984375
ThreePastShop1cor-cut,19.0,5.0,98.0,61.0,134.0,182.0,73.48634338378906,699.8658447265625
ThreePastShop1cor-cut,12.0,5.0,80.0,28.0,149.0,57.0,258.75054931640625,4432.2041015625
ThreePastShop1cor-cut,1.0,5.0,78.0,25.0,87.0,57.0,12.643892288208008,4413.12158203125
ThreePastShop1cor-cut,0.0,5.0,42.0,18.0,114.0,17.0,216.7245635986328,8874.17578125
ThreePastShop1cor-cut,22.0,5.0,27.0,12.0,145.0,16.0,430.367919921875,9100.58203125
ThreePastShop1cor-cut,9.0,6.0,83.0,27.0,120.0,52.0,152.24009704589844,4775.58984375
ThreePastShop1cor-cut,3.0,6.0,77.0,29.0,86.0,57.0,8.696690559387207,4412.81591796875
ThreePastShop1cor-cut,13.0,6.0,80.0,28.0,149.0,57.0,258.75054931640625,4432.2041015625
ThreePastShop1cor-cut,22.0,6.0,101.0,59.0,134.0,180.0,74.38687896728516,726.6200561523438
ThreePastShop1cor-cut,0.0,6.0,41.0,18.0,114.0,17.0,216.7245635986328,8874.17578125
ThreePastShop1cor-cut,25.0,6.0,27.0,12.0,145.0,16.0,430.367919921875,9100.58203125
ThreePastShop1cor-cut,9.0,7.0,84.0,27.0,120.0,52.0,152.24009704589844,4775.58984375
ThreePastShop1cor-cut,3.0,7.0,77.0,29.0,86.0,58.0,8.345459938049316,4346.82861328125
ThreePastShop1cor-cut,21.0,7.0,95.0,65.0,126.0,183.0,58.9905891418457,686.7575073242188
ThreePastShop1cor-cut,13.0,7.0,80.0,28.0,149.0,57.0,258.75054931640625,4432.2041015625
ThreePastShop1cor-cut,0.0,7.0,42.0,18.0,114.0,17.0,216.7245635986328,8874.17578125
ThreePastShop1cor-cut,25.0,7.0,24.0,11.0,84.0,13.0,22.41561317443848,9626.5625
ThreePastShop1cor-cut,8.0,8.0,85.0,27.0,120.0,51.0,154.14268493652344,4850.54638671875
ThreePastShop1cor-cut,20.0,8.0,97.0,65.0,126.0,182.0,59.37232208251953,699.9533081054688
ThreePastShop1cor-cut,3.0,8.0,78.0,29.0,85.0,58.0,4.437876224517822,4346.53125
ThreePastShop1cor-cut,12.0,8.0,80.0,27.0,149.0,58.0,255.919677734375,4365.65625
ThreePastShop1cor-cut,0.0,8.0,41.0,17.0,114.0,17.0,216.7245635986328,8874.17578125
ThreePastShop1cor-cut,25.0,8.0,27.0,12.0,145.0,16.0,430.367919921875,9100.58203125
ThreePastShop1cor-cut,24.0,8.0,25.0,11.0,84.0,12.0,23.304988861083984,9841.1513671875
ThreePastShop1cor-cut,8.0,9.0,85.0,27.0,120.0,51.0,154.14268493652344,4850.54638671875
ThreePastShop1cor-cut,20.0,9.0,97.0,65.0,126.0,182.0,59.37232208251953,699.9533081054688
ThreePastShop1cor-cut,3.0,9.0,78.0,29.0,85.0,58.0,4.437876224517822,4346.53125
ThreePastShop1cor-cut,12.0,9.0,80.0,27.0,149.0,58.0,255.919677734375,4365.65625
ThreePastShop1cor-cut,0.0,9.0,41.0,17.0,114.0,17.0,216.7245635986328,8874.17578125
ThreePastShop1cor-cut,24.0,9.0,27.0,12.0,145.0,16.0,430.367919921875,9100.58203125
ThreePastShop1cor-cut,5.0,10.0,85.0,28.0,120.0,51.0,154.14268493652344,4850.54638671875
ThreePastShop1cor-cut,1.0,10.0,83.0,26.0,86.0,54.0,9.793617248535156,4618.900390625
ThreePastShop1cor-cut,17.0,10.0,97.0,63.0,126.0,182.0,59.37232208251953,699.9533081054688
ThreePastShop1cor-cut,6.0,10.0,81.0,26.0,148.0,56.0,257.60690307617193,4499.77880859375
ThreePastShop1cor-cut,0.0,10.0,43.0,18.0,115.0,16.0,227.56658935546875,9063.765625
ThreePastShop1cor-cut,5.0,11.0,84.0,28.0,120.0,52.0,152.24009704589844,4775.58984375
ThreePastShop1cor-cut,1.0,11.0,85.0,26.0,86.0,53.0,10.174418449401855,4690.443359375
ThreePastShop1cor-cut,17.0,11.0,97.0,65.0,125.0,182.0,57.60869979858398,699.9642333984375
ThreePastShop1cor-cut,6.0,11.0,80.0,26.0,148.0,57.0,254.7594146728516,4431.89453125
ThreePastShop1cor-cut,0.0,11.0,43.0,18.0,116.0,16.0,234.2970123291016,9064.9873046875
ThreePastShop1cor-cut,5.0,12.0,83.0,29.0,119.0,52.0,148.06021118164062,4775.232421875
ThreePastShop1cor-cut,1.0,12.0,84.0,26.0,86.0,54.0,9.793617248535156,4618.900390625
ThreePastShop1cor-cut,19.0,12.0,101.0,64.0,125.0,183.0,57.234779357910156,686.7688598632812
ThreePastShop1cor-cut,8.0,12.0,83.0,26.0,150.0,55.0,268.65966796875,4569.7060546875
ThreePastShop1cor-cut,0.0,12.0,43.0,18.0,116.0,16.0,234.2970123291016,9064.9873046875
ThreePastShop1cor-cut,5.0,13.0,83.0,29.0,119.0,53.0,146.24082946777344,4701.84521484375
ThreePastShop1cor-cut,1.0,13.0,86.0,25.0,86.0,53.0,10.174418449401855,4690.443359375
ThreePastShop1cor-cut,19.0,13.0,98.0,63.0,125.0,185.0,56.49677658081055,660.7252807617188
ThreePastShop1cor-cut,8.0,13.0,83.0,25.0,150.0,55.0,268.65966796875,4569.7060546875
ThreePastShop1cor-cut,0.0,13.0,42.0,18.0,116.0,17.0,229.95867919921875,8876.5224609375
ThreePastShop1cor-cut,5.0,14.0,83.0,29.0,119.0,53.0,146.24082946777344,4701.84521484375
ThreePastShop1cor-cut,1.0,14.0,85.0,25.0,86.0,53.0,10.174418449401855,4690.443359375
ThreePastShop1cor-cut,19.0,14.0,98.0,63.0,125.0,185.0,56.49677658081055,660.7252807617188
ThreePastShop1cor-cut,8.0,14.0,83.0,25.0,150.0,55.0,268.65966796875,4569.7060546875
ThreePastShop1cor-cut,0.0,14.0,42.0,18.0,116.0,17.0,229.95867919921875,8876.5224609375
ThreePastShop1cor-cut,5.0,15.0,82.0,29.0,119.0,56.0,141.00277709960938,4490.560546875
ThreePastShop1cor-cut,19.0,15.0,99.0,62.0,124.0,184.0,55.11622619628906,673.7015991210938
ThreePastShop1cor-cut,2.0,15.0,80.0,29.0,84.0,56.0,1.0833073854446411,4479.49951171875
ThreePastShop1cor-cut,8.0,15.0,85.0,25.0,150.0,55.0,268.65966796875,4569.7060546875
ThreePastShop1cor-cut,0.0,15.0,43.0,18.0,117.0,16.0,241.02947998046875,9066.2099609375
ThreePastShop1cor-cut,21.0,15.0,27.0,12.0,145.0,16.0,430.367919921875,9100.58203125
ThreePastShop1cor-cut,5.0,16.0,82.0,29.0,119.0,56.0,141.00277709960938,4490.560546875
ThreePastShop1cor-cut,18.0,16.0,99.0,62.0,123.0,184.0,53.36843872070313,673.7135009765625
ThreePastShop1cor-cut,2.0,16.0,80.0,29.0,84.0,56.0,1.0833073854446411,4479.49951171875
ThreePastShop1cor-cut,8.0,16.0,86.0,24.0,151.0,55.0,272.73434448242193,4570.0341796875
ThreePastShop1cor-cut,0.0,16.0,44.0,18.0,117.0,16.0,241.02947998046875,9066.2099609375
ThreePastShop1cor-cut,20.0,16.0,27.0,13.0,144.0,16.0,423.5781555175781,9099.349609375
ThreePastShop1cor-cut,5.0,17.0,81.0,30.0,119.0,56.0,141.00277709960938,4490.560546875
ThreePastShop1cor-cut,20.0,17.0,99.0,64.0,120.0,183.0,48.45782089233398,686.8258666992188
ThreePastShop1cor-cut,2.0,17.0,80.0,29.0,83.0,57.0,-3.140697240829468,4411.89794921875
ThreePastShop1cor-cut,6.0,17.0,76.0,25.0,148.0,60.0,246.5488739013672,4236.15625
ThreePastShop1cor-cut,0.0,17.0,44.0,18.0,118.0,16.0,247.76397705078125,9067.4326171875
ThreePastShop1cor-cut,21.0,17.0,25.0,12.0,84.0,12.0,23.304988861083984,9841.1513671875
ThreePastShop1cor-cut,22.0,17.0,27.0,13.0,144.0,16.0,423.5781555175781,9099.349609375
ThreePastShop1cor-cut,5.0,18.0,82.0,30.0,119.0,56.0,141.00277709960938,4490.560546875
ThreePastShop1cor-cut,21.0,18.0,100.0,65.0,118.0,184.0,44.63156509399414,673.7727661132812
ThreePastShop1cor-cut,2.0,18.0,80.0,29.0,83.0,58.0,-3.37522554397583,4345.93701171875
ThreePastShop1cor-cut,6.0,18.0,75.0,25.0,148.0,60.0,246.5488739013672,4236.15625
ThreePastShop1cor-cut,0.0,18.0,44.0,17.0,118.0,16.0,247.76397705078125,9067.4326171875
ThreePastShop1cor-cut,22.0,18.0,25.0,11.0,84.0,12.0,23.304988861083984,9841.1513671875
ThreePastShop1cor-cut,5.0,19.0,82.0,30.0,119.0,56.0,141.00277709960938,4490.560546875
ThreePastShop1cor-cut,21.0,19.0,100.0,65.0,119.0,184.0,46.37866592407226,673.7609252929688
ThreePastShop1cor-cut,2.0,19.0,79.0,29.0,83.0,58.0,-3.37522554397583,4345.93701171875
ThreePastShop1cor-cut,6.0,19.0,74.0,25.0,148.0,61.0,243.91737365722656,4173.42138671875
ThreePastShop1cor-cut,0.0,19.0,44.0,17.0,118.0,16.0,247.76397705078125,9067.4326171875
ThreePastShop1cor-cut,22.0,19.0,25.0,11.0,84.0,12.0,23.304988861083984,9841.1513671875
ThreePastShop1cor-cut,22.0,20.0,96.0,64.0,118.0,186.0,44.0069580078125,647.9633178710938
ThreePastShop1cor-cut,6.0,20.0,81.0,29.0,119.0,56.0,141.00277709960938,4490.560546875
ThreePastShop1cor-cut,2.0,20.0,78.0,29.0,84.0,59.0,0.2629005312919617,4281.5517578125
ThreePastShop1cor-cut,18.0,20.0,79.0,27.0,149.0,60.0,250.4229736328125,4236.43994140625
ThreePastShop1cor-cut,0.0,20.0,42.0,17.0,119.0,17.0,249.8245849609375,8880.044921875
ThreePastShop1cor-cut,6.0,21.0,81.0,29.0,119.0,55.0,142.71322631835938,4559.55419921875
ThreePastShop1cor-cut,21.0,21.0,96.0,60.0,120.0,186.0,47.47075271606445,647.9378051757812
ThreePastShop1cor-cut,16.0,21.0,82.0,25.0,150.0,59.0,257.057373046875,4300.7060546875
ThreePastShop1cor-cut,11.0,21.0,80.0,24.0,87.0,60.0,11.496037483215332,4218.9599609375
ThreePastShop1cor-cut,0.0,21.0,42.0,17.0,119.0,18.0,245.30148315429688,8697.599609375
ThreePastShop1cor-cut,24.0,21.0,4.0,4.0,136.0,204.0,67.75770568847656,434.11920166015625
ThreePastShop1cor-cut,6.0,22.0,82.0,28.0,120.0,55.0,146.76490783691406,4559.880859375
ThreePastShop1cor-cut,20.0,22.0,99.0,62.0,113.0,184.0,35.898128509521484,673.8320922851562
ThreePastShop1cor-cut,16.0,22.0,81.0,25.0,150.0,59.0,257.057373046875,4300.7060546875
ThreePastShop1cor-cut,11.0,22.0,80.0,23.0,86.0,60.0,7.663362503051758,4218.6796875
ThreePastShop1cor-cut,0.0,22.0,43.0,17.0,119.0,16.0,254.5005187988281,9068.6552734375
ThreePastShop1cor-cut,24.0,22.0,4.0,4.0,133.0,204.0,62.935523986816406,434.1779479980469
ThreePastShop1cor-cut,7.0,23.0,83.0,28.0,120.0,54.0,148.5524139404297,4630.30419921875
ThreePastShop1cor-cut,21.0,23.0,96.0,61.0,112.0,186.0,33.618820190429695,648.0399169921875
ThreePastShop1cor-cut,17.0,23.0,80.0,25.0,150.0,60.0,254.2977294921875,4236.72314453125
ThreePastShop1cor-cut,12.0,23.0,79.0,23.0,86.0,60.0,7.663362503051758,4218.6796875
ThreePastShop1cor-cut,0.0,23.0,43.0,17.0,119.0,16.0,254.5005187988281,9068.6552734375
ThreePastShop1cor-cut,23.0,23.0,51.0,22.0,111.0,222.0,23.90298843383789,250.13157653808597
ThreePastShop1cor-cut,21.0,24.0,96.0,61.0,112.0,186.0,33.618820190429695,648.0399169921875
ThreePastShop1cor-cut,7.0,24.0,83.0,28.0,120.0,54.0,148.5524139404297,4630.30419921875
ThreePastShop1cor-cut,17.0,24.0,81.0,25.0,150.0,59.0,257.057373046875,4300.7060546875
ThreePastShop1cor-cut,12.0,24.0,79.0,23.0,86.0,60.0,7.663362503051758,4218.6796875
ThreePastShop1cor-cut,0.0,24.0,43.0,17.0,119.0,16.0,254.5005187988281,9068.6552734375
ThreePastShop1cor-cut,23.0,24.0,50.0,22.0,111.0,223.0,23.71200752258301,240.61419677734372
ThreePastShop1cor-cut,6.0,25.0,81.0,28.0,120.0,55.0,146.76490783691406,4559.880859375
ThreePastShop1cor-cut,21.0,25.0,96.0,63.0,106.0,186.0,23.23554229736328,648.1163940429688
ThreePastShop1cor-cut,10.0,25.0,79.0,28.0,149.0,58.0,255.919677734375,4365.65625
ThreePastShop1cor-cut,2.0,25.0,80.0,30.0,84.0,58.0,0.5309811234474182,4346.23388671875
ThreePastShop1cor-cut,0.0,25.0,42.0,17.0,119.0,17.0,249.8245849609375,8880.044921875
ThreePastShop1cor-cut,24.0,25.0,5.0,4.0,127.0,203.0,53.62032699584961,445.3399658203125
ThreePastShop1cor-cut,6.0,26.0,81.0,28.0,120.0,56.0,145.01345825195312,4490.8779296875
ThreePastShop1cor-cut,10.0,26.0,80.0,28.0,149.0,58.0,255.919677734375,4365.65625
ThreePastShop1cor-cut,23.0,26.0,94.0,64.0,104.0,187.0,19.572668075561523,635.4114990234375
ThreePastShop1cor-cut,2.0,26.0,79.0,30.0,84.0,58.0,0.5309811234474182,4346.23388671875
ThreePastShop1cor-cut,0.0,26.0,43.0,16.0,120.0,17.0,256.45050048828125,8881.2197265625
ThreePastShop1cor-cut,26.0,26.0,4.0,4.0,125.0,204.0,50.08148574829102,434.3345336914063
ThreePastShop1cor-cut,7.0,27.0,81.0,29.0,119.0,56.0,141.00277709960938,4490.560546875
ThreePastShop1cor-cut,18.0,27.0,82.0,25.0,150.0,59.0,257.057373046875,4300.7060546875
ThreePastShop1cor-cut,12.0,27.0,82.0,24.0,87.0,59.0,11.871188163757324,4282.41748046875
ThreePastShop1cor-cut,23.0,27.0,94.0,61.0,104.0,187.0,19.572668075561523,635.4114990234375
ThreePastShop1cor-cut,1.0,27.0,42.0,16.0,120.0,18.0,251.8184356689453,8698.728515625
ThreePastShop1cor-cut,26.0,27.0,4.0,3.0,122.0,204.0,45.26313781738281,434.3932495117188
ThreePastShop1cor-cut,3.0,28.0,81.0,29.0,84.0,57.0,0.8043964505195618,4412.20361328125
ThreePastShop1cor-cut,17.0,28.0,82.0,25.0,150.0,59.0,257.057373046875,4300.7060546875
ThreePastShop1cor-cut,6.0,28.0,81.0,29.0,120.0,57.0,143.29696655273438,4423.251953125
ThreePastShop1cor-cut,21.0,28.0,96.0,65.0,96.0,186.0,5.940877437591553,648.243896484375
ThreePastShop1cor-cut,1.0,28.0,43.0,16.0,120.0,17.0,256.45050048828125,8881.2197265625
ThreePastShop1cor-cut,25.0,28.0,4.0,4.0,121.0,204.0,43.65725708007813,434.4128112792969
ThreePastShop1cor-cut,3.0,29.0,81.0,28.0,85.0,57.0,4.750192642211914,4412.509765625
ThreePastShop1cor-cut,17.0,29.0,82.0,25.0,150.0,59.0,257.057373046875,4300.7060546875
ThreePastShop1cor-cut,6.0,29.0,81.0,29.0,120.0,57.0,143.29696655273438,4423.251953125
ThreePastShop1cor-cut,21.0,29.0,97.0,65.0,96.0,185.0,6.084877967834473,661.0822143554688
ThreePastShop1cor-cut,1.0,29.0,43.0,16.0,120.0,16.0,261.23907470703125,9069.87890625
ThreePastShop1cor-cut,25.0,29.0,4.0,4.0,121.0,204.0,43.65725708007813,434.4128112792969
ThreePastShop1cor-cut,15.0,30.0,82.0,25.0,150.0,59.0,257.057373046875,4300.7060546875
ThreePastShop1cor-cut,10.0,30.0,85.0,29.0,84.0,57.0,0.8043964505195618,4412.20361328125
ThreePastShop1cor-cut,6.0,30.0,81.0,29.0,120.0,57.0,143.29696655273438,4423.251953125
ThreePastShop1cor-cut,19.0,30.0,101.0,62.0,97.0,183.0,8.128481864929201,687.0877685546875
ThreePastShop1cor-cut,0.0,30.0,43.0,16.0,120.0,16.0,261.23907470703125,9069.87890625
ThreePastShop1cor-cut,25.0,30.0,4.0,4.0,118.0,205.0,38.57524490356445,423.5187683105469
ThreePastShop1cor-cut,21.0,30.0,52.0,23.0,95.0,222.0,-0.014505221508443356,250.5224609375
ThreePastShop1cor-cut,1.0,30.0,47.0,15.0,143.0,12.0,449.07623291015625,9926.263671875
ThreePastShop1cor-cut,15.0,31.0,81.0,25.0,150.0,59.0,257.057373046875,4300.7060546875
ThreePastShop1cor-cut,19.0,31.0,101.0,63.0,96.0,183.0,6.37669563293457,687.09912109375
ThreePastShop1cor-cut,10.0,31.0,86.0,29.0,84.0,57.0,0.8043964505195618,4412.20361328125
ThreePastShop1cor-cut,5.0,31.0,81.0,29.0,120.0,57.0,143.29696655273438,4423.251953125
ThreePastShop1cor-cut,0.0,31.0,43.0,17.0,119.0,17.0,249.8245849609375,8880.044921875
ThreePastShop1cor-cut,1.0,31.0,47.0,15.0,142.0,11.0,450.47442626953125,10150.95703125
ThreePastShop1cor-cut,21.0,31.0,24.0,11.0,84.0,13.0,22.41561317443848,9626.5625
ThreePastShop1cor-cut,25.0,31.0,5.0,4.0,116.0,204.0,35.62958526611328,434.5105895996094
ThreePastShop1cor-cut,14.0,32.0,83.0,25.0,150.0,59.0,257.057373046875,4300.7060546875
ThreePastShop1cor-cut,18.0,32.0,99.0,62.0,95.0,184.0,4.486205101013184,674.0452880859375
ThreePastShop1cor-cut,9.0,32.0,84.0,29.0,84.0,59.0,0.2629005312919617,4281.5517578125
ThreePastShop1cor-cut,5.0,32.0,81.0,29.0,121.0,57.0,147.26817321777344,4423.56005859375
ThreePastShop1cor-cut,0.0,32.0,43.0,17.0,119.0,16.0,254.5005187988281,9068.6552734375
ThreePastShop1cor-cut,1.0,32.0,47.0,15.0,142.0,11.0,450.47442626953125,10150.95703125
ThreePastShop1cor-cut,20.0,32.0,55.0,24.0,93.0,219.0,-2.7286300659179688,279.546142578125
ThreePastShop1cor-cut,25.0,32.0,5.0,4.0,114.0,204.0,32.41933059692383,434.5497131347656
ThreePastShop1cor-cut,21.0,32.0,24.0,11.0,84.0,13.0,22.41561317443848,9626.5625
ThreePastShop1cor-cut,14.0,33.0,84.0,26.0,150.0,59.0,257.057373046875,4300.7060546875
ThreePastShop1cor-cut,8.0,33.0,85.0,24.0,86.0,58.0,8.345459938049316,4346.82861328125
ThreePastShop1cor-cut,5.0,33.0,81.0,28.0,122.0,57.0,151.24008178710938,4423.8681640625
ThreePastShop1cor-cut,17.0,33.0,100.0,61.0,94.0,184.0,2.7424025535583496,674.05712890625
ThreePastShop1cor-cut,0.0,33.0,43.0,17.0,120.0,17.0,256.45050048828125,8881.2197265625
ThreePastShop1cor-cut,21.0,33.0,5.0,5.0,112.0,204.0,29.20954132080078,434.58880615234375
ThreePastShop1cor-cut,18.0,33.0,53.0,22.0,90.0,221.0,-7.409827709197997,260.22906494140625
ThreePastShop1cor-cut,1.0,33.0,49.0,15.0,142.0,11.0,450.47442626953125,10150.95703125
ThreePastShop1cor-cut,19.0,33.0,24.0,11.0,84.0,13.0,22.41561317443848,9626.5625
ThreePastShop1cor-cut,14.0,34.0,84.0,26.0,150.0,59.0,257.057373046875,4300.7060546875
ThreePastShop1cor-cut,8.0,34.0,85.0,24.0,87.0,58.0,12.253732681274414,4347.12548828125
ThreePastShop1cor-cut,5.0,34.0,82.0,28.0,122.0,57.0,151.24008178710938,4423.8681640625
ThreePastShop1cor-cut,17.0,34.0,100.0,61.0,94.0,184.0,2.7424025535583496,674.05712890625
ThreePastShop1cor-cut,0.0,34.0,43.0,17.0,120.0,17.0,256.45050048828125,8881.2197265625
ThreePastShop1cor-cut,21.0,34.0,5.0,5.0,112.0,204.0,29.20954132080078,434.58880615234375
ThreePastShop1cor-cut,18.0,34.0,54.0,22.0,90.0,221.0,-7.409827709197997,260.22906494140625
ThreePastShop1cor-cut,1.0,34.0,49.0,15.0,142.0,11.0,450.47442626953125,10150.95703125
ThreePastShop1cor-cut,19.0,34.0,25.0,11.0,84.0,12.0,23.304988861083984,9841.1513671875
ThreePastShop1cor-cut,13.0,35.0,85.0,25.0,150.0,60.0,254.2977294921875,4236.72314453125
ThreePastShop1cor-cut,5.0,35.0,82.0,28.0,122.0,57.0,151.24008178710938,4423.8681640625
ThreePastShop1cor-cut,7.0,35.0,84.0,25.0,84.0,59.0,0.2629005312919617,4281.5517578125
ThreePastShop1cor-cut,18.0,35.0,95.0,61.0,91.0,186.0,-2.7013978958129883,648.3075561523438
ThreePastShop1cor-cut,0.0,35.0,42.0,17.0,119.0,18.0,245.30148315429688,8697.599609375
ThreePastShop1cor-cut,21.0,35.0,5.0,4.0,110.0,205.0,25.78694725036621,423.677734375
ThreePastShop1cor-cut,1.0,35.0,49.0,15.0,142.0,10.0,459.4848937988281,10385.64453125
ThreePastShop1cor-cut,13.0,36.0,86.0,25.0,150.0,60.0,254.2977294921875,4236.72314453125
ThreePastShop1cor-cut,5.0,36.0,83.0,29.0,121.0,56.0,149.0248565673828,4491.19482421875
ThreePastShop1cor-cut,7.0,36.0,83.0,25.0,85.0,59.0,4.1316542625427255,4281.84033203125
ThreePastShop1cor-cut,18.0,36.0,93.0,61.0,91.0,187.0,-2.8066174983978267,635.5828857421875
ThreePastShop1cor-cut,0.0,36.0,43.0,17.0,120.0,17.0,256.45050048828125,8881.2197265625
ThreePastShop1cor-cut,19.0,36.0,52.0,22.0,89.0,223.0,-9.04436206817627,241.1565704345703
ThreePastShop1cor-cut,1.0,36.0,48.0,15.0,143.0,11.0,457.8953552246094,10152.478515625
ThreePastShop1cor-cut,22.0,36.0,4.0,3.0,108.0,206.0,22.392303466796875,412.8557434082031
ThreePastShop1cor-cut,13.0,37.0,85.0,24.0,151.0,60.0,258.17315673828125,4237.0068359375
ThreePastShop1cor-cut,4.0,37.0,83.0,29.0,121.0,56.0,149.0248565673828,4491.19482421875
ThreePastShop1cor-cut,7.0,37.0,85.0,25.0,84.0,58.0,0.5309811234474182,4346.23388671875
ThreePastShop1cor-cut,18.0,37.0,94.0,61.0,90.0,187.0,-4.527165412902832,635.5960693359375
ThreePastShop1cor-cut,0.0,37.0,43.0,17.0,120.0,17.0,256.45050048828125,8881.2197265625
ThreePastShop1cor-cut,21.0,37.0,4.0,3.0,107.0,206.0,20.800931930541992,412.87591552734375
ThreePastShop1cor-cut,14.0,38.0,83.0,25.0,150.0,60.0,254.2977294921875,4236.72314453125
ThreePastShop1cor-cut,5.0,38.0,82.0,30.0,121.0,57.0,147.26817321777344,4423.56005859375
ThreePastShop1cor-cut,8.0,38.0,85.0,25.0,84.0,58.0,0.5309811234474182,4346.23388671875
ThreePastShop1cor-cut,19.0,38.0,94.0,57.0,93.0,187.0,0.6348794102668762,635.5565185546875
ThreePastShop1cor-cut,0.0,38.0,45.0,17.0,120.0,16.0,261.23907470703125,9069.87890625
ThreePastShop1cor-cut,20.0,38.0,4.0,3.0,106.0,206.0,19.209672927856445,412.8960876464844
ThreePastShop1cor-cut,1.0,38.0,50.0,15.0,142.0,10.0,459.4848937988281,10385.64453125
ThreePastShop1cor-cut,14.0,39.0,83.0,25.0,150.0,60.0,254.2977294921875,4236.72314453125
ThreePastShop1cor-cut,5.0,39.0,83.0,30.0,121.0,56.0,149.0248565673828,4491.19482421875
ThreePastShop1cor-cut,8.0,39.0,85.0,25.0,84.0,58.0,0.5309811234474182,4346.23388671875
ThreePastShop1cor-cut,19.0,39.0,94.0,57.0,93.0,187.0,0.6348794102668762,635.5565185546875
ThreePastShop1cor-cut,0.0,39.0,45.0,17.0,120.0,16.0,261.23907470703125,9069.87890625
ThreePastShop1cor-cut,21.0,39.0,4.0,3.0,106.0,206.0,19.209672927856445,412.8960876464844
ThreePastShop1cor-cut,1.0,39.0,50.0,15.0,142.0,10.0,459.4848937988281,10385.64453125
ThreePastShop1cor-cut,13.0,40.0,79.0,25.0,150.0,62.0,248.93624877929688,4112.4169921875
ThreePastShop1cor-cut,8.0,40.0,84.0,30.0,83.0,59.0,-3.6051783561706543,4281.26318359375
ThreePastShop1cor-cut,4.0,40.0,83.0,29.0,121.0,56.0,149.0248565673828,4491.19482421875
ThreePastShop1cor-cut,18.0,40.0,93.0,55.0,93.0,187.0,0.6348794102668762,635.5565185546875
ThreePastShop1cor-cut,0.0,40.0,45.0,17.0,121.0,16.0,267.97970581054693,9071.1025390625
ThreePastShop1cor-cut,19.0,40.0,38.0,20.0,86.0,239.0,-14.268688201904295,98.20209503173828
ThreePastShop1cor-cut,20.0,40.0,29.0,13.0,144.0,15.0,431.3502197265625,9295.724609375
ThreePastShop1cor-cut,11.0,41.0,79.0,26.0,151.0,63.0,250.096435546875,4052.2841796875
ThreePastShop1cor-cut,15.0,41.0,94.0,63.0,82.0,187.0,-18.2867431640625,635.701416015625
ThreePastShop1cor-cut,6.0,41.0,85.0,30.0,83.0,59.0,-3.6051783561706543,4281.26318359375
ThreePastShop1cor-cut,3.0,41.0,82.0,29.0,122.0,57.0,151.24008178710938,4423.8681640625
ThreePastShop1cor-cut,0.0,41.0,47.0,17.0,121.0,15.0,273.04953002929693,9266.296875
ThreePastShop1cor-cut,18.0,41.0,36.0,12.0,145.0,17.0,422.7406921386719,8910.7080078125
ThreePastShop1cor-cut,11.0,42.0,80.0,26.0,151.0,63.0,250.096435546875,4052.2841796875
ThreePastShop1cor-cut,6.0,42.0,85.0,30.0,83.0,59.0,-3.6051783561706543,4281.26318359375
ThreePastShop1cor-cut,15.0,42.0,94.0,59.0,83.0,187.0,-16.567262649536133,635.688232421875
ThreePastShop1cor-cut,8.0,42.0,83.0,31.0,121.0,59.0,143.85794067382812,4292.26220703125
ThreePastShop1cor-cut,0.0,42.0,45.0,17.0,122.0,16.0,274.72235107421875,9072.326171875
ThreePastShop1cor-cut,17.0,42.0,29.0,12.0,145.0,15.0,438.2583312988281,9297.0087890625
ThreePastShop1cor-cut,10.0,43.0,82.0,26.0,151.0,63.0,250.096435546875,4052.2841796875
ThreePastShop1cor-cut,6.0,43.0,86.0,29.0,84.0,59.0,0.2629005312919617,4281.5517578125
ThreePastShop1cor-cut,8.0,43.0,83.0,32.0,121.0,59.0,143.85794067382812,4292.26220703125
ThreePastShop1cor-cut,14.0,43.0,95.0,58.0,83.0,186.0,-16.522031784057614,648.409423828125
ThreePastShop1cor-cut,0.0,43.0,46.0,17.0,122.0,16.0,274.72235107421875,9072.326171875
ThreePastShop1cor-cut,1.0,43.0,51.0,14.0,144.0,10.0,474.612548828125,10388.8232421875
ThreePastShop1cor-cut,10.0,44.0,82.0,26.0,151.0,63.0,250.096435546875,4052.2841796875
ThreePastShop1cor-cut,6.0,44.0,86.0,29.0,84.0,59.0,0.2629005312919617,4281.5517578125
ThreePastShop1cor-cut,8.0,44.0,82.0,32.0,121.0,60.0,142.20240783691406,4228.5224609375
ThreePastShop1cor-cut,14.0,44.0,96.0,59.0,82.0,186.0,-18.249006271362305,648.4221801757812
ThreePastShop1cor-cut,0.0,44.0,46.0,17.0,122.0,16.0,274.72235107421875,9072.326171875
ThreePastShop1cor-cut,1.0,44.0,51.0,14.0,144.0,10.0,474.612548828125,10388.8232421875
ThreePastShop1cor-cut,9.0,45.0,81.0,26.0,152.0,64.0,251.23509216308597,3993.2666015625
ThreePastShop1cor-cut,3.0,45.0,88.0,24.0,87.0,59.0,11.871188163757324,4282.41748046875
ThreePastShop1cor-cut,7.0,45.0,84.0,32.0,122.0,60.0,146.05838012695312,4228.8046875
ThreePastShop1cor-cut,14.0,45.0,92.0,60.0,78.0,188.0,-25.171037673950195,623.1448974609375
ThreePastShop1cor-cut,0.0,45.0,46.0,17.0,122.0,16.0,274.72235107421875,9072.326171875
ThreePastShop1cor-cut,9.0,46.0,80.0,25.0,152.0,65.0,248.6568298339844,3935.087646484375
ThreePastShop1cor-cut,8.0,46.0,84.0,32.0,122.0,60.0,146.05838012695312,4228.8046875
ThreePastShop1cor-cut,3.0,46.0,86.0,24.0,87.0,61.0,11.128068923950195,4156.71728515625
ThreePastShop1cor-cut,14.0,46.0,95.0,59.0,78.0,186.0,-25.155553817749023,648.4730834960938
ThreePastShop1cor-cut,0.0,46.0,44.0,18.0,122.0,17.0,269.70822143554693,8883.5712890625
ThreePastShop1cor-cut,9.0,47.0,82.0,26.0,152.0,65.0,248.6568298339844,3935.087646484375
ThreePastShop1cor-cut,8.0,47.0,84.0,33.0,120.0,60.0,138.34710693359378,4228.240234375
ThreePastShop1cor-cut,4.0,47.0,86.0,30.0,84.0,62.0,-0.5108499526977539,4094.86083984375
ThreePastShop1cor-cut,14.0,47.0,94.0,58.0,78.0,187.0,-25.163330078125,635.7540893554688
ThreePastShop1cor-cut,0.0,47.0,43.0,18.0,122.0,16.0,274.72235107421875,9072.326171875
ThreePastShop1cor-cut,16.0,47.0,35.0,12.0,145.0,18.0,415.3637390136719,8727.0625
ThreePastShop1cor-cut,9.0,48.0,81.0,26.0,153.0,65.0,252.35284423828125,3935.3330078125
ThreePastShop1cor-cut,8.0,48.0,83.0,32.0,121.0,60.0,142.20240783691406,4228.5224609375
ThreePastShop1cor-cut,4.0,48.0,86.0,30.0,84.0,62.0,-0.5108499526977539,4094.86083984375
ThreePastShop1cor-cut,15.0,48.0,93.0,57.0,78.0,187.0,-25.163330078125,635.7540893554688
ThreePastShop1cor-cut,0.0,48.0,42.0,18.0,122.0,17.0,269.70822143554693,8883.5712890625
ThreePastShop1cor-cut,17.0,48.0,35.0,12.0,145.0,18.0,415.3637390136719,8727.0625
ThreePastShop1cor-cut,10.0,49.0,82.0,27.0,152.0,65.0,248.6568298339844,3935.087646484375
ThreePastShop1cor-cut,9.0,49.0,85.0,32.0,119.0,58.0,137.68328857421878,4356.66455078125
ThreePastShop1cor-cut,4.0,49.0,86.0,30.0,85.0,62.0,3.24782133102417,4095.12548828125
ThreePastShop1cor-cut,15.0,49.0,92.0,59.0,76.0,188.0,-28.59368705749512,623.172119140625
ThreePastShop1cor-cut,0.0,49.0,44.0,18.0,123.0,17.0,276.34002685546875,8884.7470703125
ThreePastShop1cor-cut,16.0,49.0,34.0,12.0,145.0,19.0,408.2248840332031,8549.345703125
ThreePastShop1cor-cut,12.0,50.0,82.0,30.0,152.0,65.0,248.6568298339844,3935.087646484375
ThreePastShop1cor-cut,5.0,50.0,85.0,30.0,85.0,62.0,3.24782133102417,4095.12548828125
ThreePastShop1cor-cut,10.0,50.0,86.0,31.0,119.0,58.0,137.68328857421878,4356.66455078125
ThreePastShop1cor-cut,18.0,50.0,91.0,59.0,76.0,188.0,-28.59368705749512,623.172119140625
ThreePastShop1cor-cut,0.0,50.0,44.0,18.0,123.0,18.0,271.38070678710943,8702.1171875
ThreePastShop1cor-cut,19.0,50.0,34.0,12.0,145.0,19.0,408.2248840332031,8549.345703125
ThreePastShop1cor-cut,11.0,51.0,81.0,31.0,152.0,64.0,251.23509216308597,3993.2666015625
ThreePastShop1cor-cut,9.0,51.0,85.0,31.0,119.0,58.0,137.68328857421878,4356.66455078125
ThreePastShop1cor-cut,4.0,51.0,85.0,30.0,85.0,62.0,3.24782133102417,4095.12548828125
ThreePastShop1cor-cut,16.0,51.0,90.0,57.0,77.0,189.0,-26.88271141052246,610.6582641601562
ThreePastShop1cor-cut,0.0,51.0,45.0,17.0,123.0,17.0,276.34002685546875,8884.7470703125
ThreePastShop1cor-cut,17.0,51.0,35.0,12.0,144.0,18.0,408.79888916015625,8725.92578125
ThreePastShop1cor-cut,12.0,52.0,80.0,33.0,153.0,65.0,252.35284423828125,3935.3330078125
ThreePastShop1cor-cut,5.0,52.0,85.0,29.0,85.0,62.0,3.24782133102417,4095.12548828125
ThreePastShop1cor-cut,10.0,52.0,86.0,31.0,119.0,58.0,137.68328857421878,4356.66455078125
ThreePastShop1cor-cut,18.0,52.0,92.0,54.0,79.0,188.0,-23.459516525268555,623.13134765625
ThreePastShop1cor-cut,0.0,52.0,44.0,17.0,123.0,18.0,271.38070678710943,8702.1171875
ThreePastShop1cor-cut,19.0,52.0,34.0,12.0,144.0,19.0,401.7669982910156,8548.2529296875
ThreePastShop1cor-cut,5.0,53.0,84.0,30.0,85.0,63.0,2.9642760753631587,4035.224853515625
ThreePastShop1cor-cut,10.0,53.0,86.0,31.0,119.0,58.0,137.68328857421878,4356.66455078125
ThreePastShop1cor-cut,12.0,53.0,81.0,34.0,153.0,64.0,254.9658966064453,3993.51904296875
ThreePastShop1cor-cut,16.0,53.0,94.0,54.0,73.0,187.0,-33.75606155395508,635.8198852539062
ThreePastShop1cor-cut,0.0,53.0,45.0,18.0,123.0,17.0,276.34002685546875,8884.7470703125
ThreePastShop1cor-cut,5.0,54.0,84.0,30.0,85.0,63.0,2.9642760753631587,4035.224853515625
ThreePastShop1cor-cut,10.0,54.0,86.0,31.0,119.0,58.0,137.68328857421878,4356.66455078125
ThreePastShop1cor-cut,12.0,54.0,81.0,34.0,153.0,64.0,254.9658966064453,3993.51904296875
ThreePastShop1cor-cut,15.0,54.0,93.0,54.0,73.0,187.0,-33.75606155395508,635.8198852539062
ThreePastShop1cor-cut,0.0,54.0,46.0,18.0,123.0,17.0,276.34002685546875,8884.7470703125
ThreePastShop1cor-cut,9.0,55.0,85.0,31.0,119.0,58.0,137.68328857421878,4356.66455078125
ThreePastShop1cor-cut,11.0,55.0,82.0,31.0,153.0,65.0,252.35284423828125,3935.3330078125
ThreePastShop1cor-cut,4.0,55.0,85.0,30.0,85.0,63.0,2.9642760753631587,4035.224853515625
ThreePastShop1cor-cut,16.0,55.0,95.0,52.0,73.0,187.0,-33.75606155395508,635.8198852539062
ThreePastShop1cor-cut,0.0,55.0,49.0,18.0,123.0,15.0,286.7703552246094,9268.84765625
ThreePastShop1cor-cut,10.0,56.0,84.0,31.0,119.0,60.0,134.49247741699222,4227.95849609375
ThreePastShop1cor-cut,12.0,56.0,84.0,30.0,153.0,64.0,254.9658966064453,3993.51904296875
ThreePastShop1cor-cut,5.0,56.0,85.0,30.0,85.0,63.0,2.9642760753631587,4035.224853515625
ThreePastShop1cor-cut,18.0,56.0,94.0,51.0,73.0,188.0,-33.72666549682617,623.212890625
ThreePastShop1cor-cut,0.0,56.0,50.0,18.0,123.0,16.0,281.467041015625,9073.55078125
ThreePastShop1cor-cut,2.0,56.0,51.0,14.0,143.0,10.0,467.0474548339844,10387.2333984375
ThreePastShop1cor-cut,7.0,57.0,84.0,31.0,85.0,65.0,2.4128661155700684,3918.736572265625
ThreePastShop1cor-cut,12.0,57.0,83.0,31.0,119.0,61.0,132.94300842285156,4165.4580078125
ThreePastShop1cor-cut,14.0,57.0,83.0,29.0,152.0,65.0,248.6568298339844,3935.087646484375
ThreePastShop1cor-cut,20.0,57.0,95.0,52.0,72.0,186.0,-35.51133728027344,648.5493774414062
ThreePastShop1cor-cut,0.0,57.0,50.0,19.0,122.0,16.0,274.72235107421875,9072.326171875
ThreePastShop1cor-cut,2.0,57.0,51.0,14.0,143.0,10.0,467.0474548339844,10387.2333984375
ThreePastShop1cor-cut,5.0,58.0,83.0,32.0,84.0,65.0,-1.241813898086548,3918.493896484375
ThreePastShop1cor-cut,10.0,58.0,83.0,30.0,120.0,61.0,136.76051330566406,4165.73193359375
ThreePastShop1cor-cut,12.0,58.0,84.0,28.0,153.0,65.0,252.35284423828125,3935.3330078125
ThreePastShop1cor-cut,18.0,58.0,96.0,51.0,72.0,187.0,-35.47420883178711,635.8330078125
ThreePastShop1cor-cut,0.0,58.0,49.0,19.0,122.0,15.0,279.90887451171875,9267.572265625
ThreePastShop1cor-cut,20.0,58.0,34.0,13.0,143.0,19.0,395.31097412109375,8547.1591796875
ThreePastShop1cor-cut,5.0,59.0,83.0,31.0,84.0,65.0,-1.241813898086548,3918.493896484375
ThreePastShop1cor-cut,10.0,59.0,83.0,30.0,120.0,61.0,136.76051330566406,4165.73193359375
ThreePastShop1cor-cut,12.0,59.0,84.0,28.0,153.0,65.0,252.35284423828125,3935.3330078125
ThreePastShop1cor-cut,18.0,59.0,96.0,51.0,72.0,187.0,-35.47420883178711,635.8330078125
ThreePastShop1cor-cut,0.0,59.0,49.0,19.0,122.0,15.0,279.90887451171875,9267.572265625
ThreePastShop1cor-cut,20.0,59.0,34.0,13.0,143.0,19.0,395.31097412109375,8547.1591796875
ThreePastShop1cor-cut,6.0,60.0,83.0,31.0,84.0,66.0,-1.4765683412551882,3861.852294921875
ThreePastShop1cor-cut,10.0,60.0,85.0,31.0,119.0,62.0,131.42298889160156,4104.146484375
ThreePastShop1cor-cut,18.0,60.0,92.0,54.0,70.0,188.0,-38.85845947265625,623.2536010742188
ThreePastShop1cor-cut,11.0,60.0,88.0,24.0,155.0,64.0,262.42935180664057,3994.0244140625
ThreePastShop1cor-cut,1.0,60.0,47.0,20.0,124.0,16.0,288.2137451171875,9074.775390625
ThreePastShop1cor-cut,20.0,60.0,36.0,12.0,144.0,18.0,408.79888916015625,8725.92578125
ThreePastShop1cor-cut,11.0,61.0,86.0,31.0,120.0,62.0,135.20407104492188,4104.41259765625
ThreePastShop1cor-cut,6.0,61.0,83.0,30.0,85.0,66.0,2.144714832305908,3862.088134765625
ThreePastShop1cor-cut,19.0,61.0,92.0,54.0,70.0,188.0,-38.85845947265625,623.2536010742188
ThreePastShop1cor-cut,12.0,61.0,89.0,23.0,155.0,63.0,265.1627197265625,4053.32421875
ThreePastShop1cor-cut,0.0,61.0,48.0,19.0,122.0,16.0,274.72235107421875,9072.326171875
ThreePastShop1cor-cut,22.0,61.0,36.0,12.0,144.0,18.0,408.79888916015625,8725.92578125
ThreePastShop1cor-cut,11.0,62.0,86.0,31.0,120.0,62.0,135.20407104492188,4104.41259765625
ThreePastShop1cor-cut,6.0,62.0,82.0,30.0,85.0,67.0,1.8814173936843872,3806.465087890625
ThreePastShop1cor-cut,19.0,62.0,92.0,52.0,71.0,188.0,-37.14799499511719,623.2400512695312
ThreePastShop1cor-cut,12.0,62.0,90.0,23.0,155.0,63.0,265.1627197265625,4053.32421875
ThreePastShop1cor-cut,1.0,62.0,45.0,19.0,124.0,18.0,277.90530395507807,8703.248046875
ThreePastShop1cor-cut,22.0,62.0,36.0,12.0,144.0,18.0,408.79888916015625,8725.92578125
ThreePastShop1cor-cut,11.0,63.0,85.0,30.0,121.0,62.0,138.98579406738278,4104.6787109375
ThreePastShop1cor-cut,6.0,63.0,82.0,31.0,84.0,66.0,-1.4765683412551882,3861.852294921875
ThreePastShop1cor-cut,20.0,63.0,93.0,52.0,71.0,187.0,-37.19221878051758,635.84619140625
ThreePastShop1cor-cut,12.0,63.0,90.0,23.0,155.0,63.0,265.1627197265625,4053.32421875
ThreePastShop1cor-cut,1.0,63.0,46.0,18.0,125.0,18.0,284.4317932128906,8704.37890625
ThreePastShop1cor-cut,22.0,63.0,35.0,13.0,142.0,18.0,395.6749572753906,8723.6513671875
ThreePastShop1cor-cut,10.0,64.0,86.0,31.0,120.0,62.0,135.20407104492188,4104.41259765625
ThreePastShop1cor-cut,6.0,64.0,82.0,31.0,83.0,66.0,-5.097259998321533,3861.616455078125
ThreePastShop1cor-cut,11.0,64.0,90.0,23.0,155.0,63.0,265.1627197265625,4053.32421875
ThreePastShop1cor-cut,19.0,64.0,90.0,53.0,69.0,189.0,-40.5102424621582,610.7703247070312
ThreePastShop1cor-cut,1.0,64.0,46.0,18.0,125.0,18.0,284.4317932128906,8704.37890625
ThreePastShop1cor-cut,21.0,64.0,34.0,13.0,142.0,19.0,388.8568420410156,8546.0673828125
ThreePastShop1cor-cut,11.0,65.0,90.0,31.0,120.0,61.0,136.76051330566406,4165.73193359375
ThreePastShop1cor-cut,18.0,65.0,93.0,52.0,71.0,184.0,-37.327232360839844,674.3291625976562
ThreePastShop1cor-cut,12.0,65.0,89.0,23.0,155.0,63.0,265.1627197265625,4053.32421875
ThreePastShop1cor-cut,6.0,65.0,82.0,31.0,84.0,66.0,-1.4765683412551882,3861.852294921875
ThreePastShop1cor-cut,1.0,65.0,45.0,19.0,125.0,18.0,284.4317932128906,8704.37890625
ThreePastShop1cor-cut,21.0,65.0,35.0,13.0,142.0,18.0,395.6749572753906,8723.6513671875
ThreePastShop1cor-cut,11.0,66.0,90.0,31.0,120.0,60.0,138.34710693359378,4228.240234375
ThreePastShop1cor-cut,12.0,66.0,90.0,24.0,155.0,63.0,265.1627197265625,4053.32421875
ThreePastShop1cor-cut,18.0,66.0,91.0,52.0,70.0,188.0,-38.85845947265625,623.2536010742188
ThreePastShop1cor-cut,6.0,66.0,83.0,32.0,83.0,65.0,-4.895891189575195,3918.251220703125
ThreePastShop1cor-cut,1.0,66.0,44.0,18.0,126.0,19.0,285.8432312011719,8528.6259765625
ThreePastShop1cor-cut,20.0,66.0,35.0,13.0,142.0,18.0,395.6749572753906,8723.6513671875
ThreePastShop1cor-cut,11.0,67.0,92.0,31.0,120.0,60.0,138.34710693359378,4228.240234375
ThreePastShop1cor-cut,12.0,67.0,90.0,23.0,154.0,63.0,261.39520263671875,4053.064208984375
ThreePastShop1cor-cut,6.0,67.0,86.0,31.0,84.0,65.0,-1.241813898086548,3918.493896484375
ThreePastShop1cor-cut,20.0,67.0,92.0,52.0,70.0,188.0,-38.85845947265625,623.2536010742188
ThreePastShop1cor-cut,1.0,67.0,43.0,18.0,126.0,19.0,285.8432312011719,8528.6259765625
ThreePastShop1cor-cut,22.0,67.0,34.0,13.0,142.0,19.0,388.8568420410156,8546.0673828125
ThreePastShop1cor-cut,10.0,68.0,91.0,31.0,120.0,60.0,138.34710693359378,4228.240234375
ThreePastShop1cor-cut,19.0,68.0,92.0,52.0,70.0,188.0,-38.85845947265625,623.2536010742188
ThreePastShop1cor-cut,5.0,68.0,88.0,29.0,85.0,64.0,2.6860063076019287,3976.43896484375
ThreePastShop1cor-cut,11.0,68.0,89.0,23.0,154.0,63.0,261.39520263671875,4053.064208984375
ThreePastShop1cor-cut,0.0,68.0,43.0,18.0,126.0,19.0,285.8432312011719,8528.6259765625
ThreePastShop1cor-cut,20.0,68.0,34.0,13.0,142.0,19.0,388.8568420410156,8546.0673828125
ThreePastShop1cor-cut,10.0,69.0,91.0,31.0,120.0,60.0,138.34710693359378,4228.240234375
ThreePastShop1cor-cut,5.0,69.0,87.0,30.0,85.0,64.0,2.6860063076019287,3976.43896484375
ThreePastShop1cor-cut,20.0,69.0,93.0,53.0,69.0,187.0,-40.627845764160156,635.8724975585938
ThreePastShop1cor-cut,11.0,69.0,89.0,23.0,154.0,64.0,258.69732666015625,3993.771728515625
ThreePastShop1cor-cut,0.0,69.0,44.0,18.0,126.0,20.0,280.88836669921875,8357.3466796875
ThreePastShop1cor-cut,21.0,69.0,34.0,13.0,142.0,19.0,388.8568420410156,8546.0673828125
ThreePastShop1cor-cut,9.0,70.0,91.0,31.0,121.0,60.0,142.20240783691406,4228.5224609375
ThreePastShop1cor-cut,5.0,70.0,86.0,29.0,85.0,65.0,2.4128661155700684,3918.736572265625
ThreePastShop1cor-cut,20.0,70.0,93.0,51.0,70.0,187.0,-38.910099029541016,635.8593139648438
ThreePastShop1cor-cut,10.0,70.0,89.0,23.0,155.0,64.0,262.42935180664057,3994.0244140625
ThreePastShop1cor-cut,0.0,70.0,44.0,18.0,126.0,19.0,285.8432312011719,8528.6259765625
ThreePastShop1cor-cut,21.0,70.0,34.0,13.0,142.0,19.0,388.8568420410156,8546.0673828125
ThreePastShop1cor-cut,8.0,71.0,91.0,31.0,121.0,61.0,140.57865905761722,4166.005859375
ThreePastShop1cor-cut,19.0,71.0,93.0,51.0,70.0,187.0,-38.910099029541016,635.8593139648438
ThreePastShop1cor-cut,4.0,71.0,85.0,28.0,86.0,66.0,5.766589641571045,3862.323974609375
ThreePastShop1cor-cut,16.0,71.0,86.0,22.0,156.0,69.0,253.0603790283203,3713.646728515625
ThreePastShop1cor-cut,0.0,71.0,44.0,20.0,126.0,20.0,280.88836669921875,8357.3466796875
ThreePastShop1cor-cut,20.0,71.0,35.0,12.0,143.0,18.0,402.2359619140625,8724.7880859375
ThreePastShop1cor-cut,8.0,72.0,91.0,31.0,120.0,62.0,135.20407104492188,4104.41259765625
ThreePastShop1cor-cut,19.0,72.0,93.0,52.0,70.0,187.0,-38.910099029541016,635.8593139648438
ThreePastShop1cor-cut,16.0,72.0,86.0,22.0,157.0,69.0,256.625732421875,3713.86572265625
ThreePastShop1cor-cut,4.0,72.0,82.0,28.0,86.0,68.0,5.179701805114746,3752.0625
ThreePastShop1cor-cut,0.0,72.0,44.0,19.0,126.0,20.0,280.88836669921875,8357.3466796875
ThreePastShop1cor-cut,7.0,73.0,89.0,31.0,120.0,63.0,133.67695617675778,4044.247802734375
ThreePastShop1cor-cut,18.0,73.0,93.0,52.0,70.0,187.0,-38.910099029541016,635.8593139648438
ThreePastShop1cor-cut,15.0,73.0,87.0,22.0,157.0,68.0,259.18389892578125,3767.972900390625
ThreePastShop1cor-cut,0.0,73.0,44.0,20.0,127.0,20.0,287.2103271484375,8358.392578125
ThreePastShop1cor-cut,3.0,73.0,82.0,28.0,86.0,68.0,5.179701805114746,3752.0625
ThreePastShop1cor-cut,7.0,74.0,87.0,31.0,120.0,65.0,130.70741271972656,3927.255615234375
ThreePastShop1cor-cut,18.0,74.0,93.0,52.0,70.0,187.0,-38.910099029541016,635.8593139648438
ThreePastShop1cor-cut,15.0,74.0,87.0,22.0,157.0,68.0,259.18389892578125,3767.972900390625
ThreePastShop1cor-cut,0.0,74.0,44.0,20.0,127.0,20.0,287.2103271484375,8358.392578125
ThreePastShop1cor-cut,11.0,74.0,87.0,29.0,86.0,68.0,5.179701805114746,3752.0625
ThreePastShop1cor-cut,7.0,75.0,86.0,31.0,120.0,66.0,129.26344299316406,3870.36669921875
ThreePastShop1cor-cut,18.0,75.0,94.0,52.0,71.0,187.0,-37.19221878051758,635.84619140625
ThreePastShop1cor-cut,15.0,75.0,87.0,23.0,156.0,68.0,255.58616638183597,3767.74755859375
ThreePastShop1cor-cut,0.0,75.0,44.0,19.0,127.0,20.0,287.2103271484375,8358.392578125
ThreePastShop1cor-cut,11.0,75.0,85.0,29.0,86.0,69.0,4.894083499908447,3698.402099609375
ThreePastShop1cor-cut,7.0,76.0,86.0,30.0,121.0,66.0,132.9061279296875,3870.603759765625
ThreePastShop1cor-cut,17.0,76.0,92.0,52.0,71.0,185.0,-37.28183364868164,661.3892822265625
ThreePastShop1cor-cut,15.0,76.0,87.0,23.0,157.0,68.0,259.18389892578125,3767.972900390625
ThreePastShop1cor-cut,1.0,76.0,44.0,19.0,127.0,23.0,272.9561767578125,7875.52197265625
ThreePastShop1cor-cut,11.0,76.0,85.0,29.0,86.0,69.0,4.894083499908447,3698.402099609375
ThreePastShop1cor-cut,7.0,77.0,87.0,29.0,121.0,65.0,134.38389587402344,3927.499755859375
ThreePastShop1cor-cut,18.0,77.0,93.0,53.0,70.0,184.0,-39.0677490234375,674.3410034179688
ThreePastShop1cor-cut,16.0,77.0,91.0,24.0,157.0,66.0,264.44122314453125,3879.170166015625
ThreePastShop1cor-cut,1.0,77.0,45.0,18.0,128.0,22.0,283.6898193359375,8032.5048828125
ThreePastShop1cor-cut,11.0,77.0,85.0,29.0,86.0,68.0,5.179701805114746,3752.0625
ThreePastShop1cor-cut,8.0,78.0,86.0,28.0,121.0,66.0,132.9061279296875,3870.603759765625
ThreePastShop1cor-cut,19.0,78.0,93.0,52.0,71.0,184.0,-37.327232360839844,674.3291625976562
ThreePastShop1cor-cut,17.0,78.0,88.0,23.0,157.0,68.0,259.18389892578125,3767.972900390625
ThreePastShop1cor-cut,1.0,78.0,44.0,18.0,128.0,23.0,278.99105834960943,7876.45556640625
ThreePastShop1cor-cut,14.0,78.0,85.0,28.0,90.0,68.0,19.412845611572266,3752.9541015625
ThreePastShop1cor-cut,8.0,79.0,86.0,28.0,121.0,66.0,132.9061279296875,3870.603759765625
ThreePastShop1cor-cut,20.0,79.0,94.0,52.0,70.0,187.0,-38.910099029541016,635.8593139648438
ThreePastShop1cor-cut,17.0,79.0,89.0,23.0,157.0,67.0,261.78863525390625,3823.0654296875
ThreePastShop1cor-cut,14.0,79.0,85.0,28.0,90.0,68.0,19.412845611572266,3752.9541015625
ThreePastShop1cor-cut,1.0,79.0,44.0,18.0,128.0,23.0,278.99105834960943,7876.45556640625
ThreePastShop1cor-cut,7.0,80.0,86.0,28.0,121.0,65.0,134.38389587402344,3927.499755859375
ThreePastShop1cor-cut,19.0,80.0,94.0,51.0,70.0,187.0,-38.910099029541016,635.8593139648438
ThreePastShop1cor-cut,16.0,80.0,93.0,23.0,157.0,65.0,267.14297485351557,3936.315185546875
ThreePastShop1cor-cut,13.0,80.0,85.0,28.0,90.0,69.0,19.000564575195312,3699.2685546875
ThreePastShop1cor-cut,0.0,80.0,45.0,21.0,127.0,19.0,292.2676696777344,8529.7138671875
ThreePastShop1cor-cut,7.0,81.0,86.0,28.0,121.0,66.0,132.9061279296875,3870.603759765625
ThreePastShop1cor-cut,18.0,81.0,93.0,52.0,71.0,184.0,-37.327232360839844,674.3291625976562
ThreePastShop1cor-cut,16.0,81.0,94.0,23.0,157.0,65.0,267.14297485351557,3936.315185546875
ThreePastShop1cor-cut,13.0,81.0,86.0,28.0,90.0,69.0,19.000564575195312,3699.2685546875
ThreePastShop1cor-cut,0.0,81.0,44.0,21.0,127.0,20.0,287.2103271484375,8358.392578125
ThreePastShop1cor-cut,6.0,82.0,88.0,28.0,121.0,65.0,134.38389587402344,3927.499755859375
ThreePastShop1cor-cut,11.0,82.0,87.0,28.0,90.0,68.0,19.412845611572266,3752.9541015625
ThreePastShop1cor-cut,17.0,82.0,94.0,51.0,70.0,187.0,-38.910099029541016,635.8593139648438
ThreePastShop1cor-cut,14.0,82.0,94.0,23.0,157.0,65.0,267.14297485351557,3936.315185546875
ThreePastShop1cor-cut,0.0,82.0,43.0,22.0,127.0,20.0,287.2103271484375,8358.392578125
ThreePastShop1cor-cut,6.0,83.0,86.0,28.0,121.0,66.0,132.9061279296875,3870.603759765625
ThreePastShop1cor-cut,12.0,83.0,85.0,29.0,89.0,69.0,15.473102569580078,3699.052001953125
ThreePastShop1cor-cut,15.0,83.0,94.0,23.0,158.0,66.0,268.1060791015625,3879.40869140625
ThreePastShop1cor-cut,19.0,83.0,93.0,51.0,71.0,187.0,-37.19221878051758,635.84619140625
ThreePastShop1cor-cut,1.0,83.0,47.0,20.0,127.0,21.0,282.31072998046875,8192.4150390625
ThreePastShop1cor-cut,5.0,84.0,87.0,29.0,120.0,65.0,130.70741271972656,3927.255615234375
ThreePastShop1cor-cut,10.0,84.0,84.0,29.0,89.0,70.0,15.09921169281006,3646.319091796875
ThreePastShop1cor-cut,16.0,84.0,92.0,52.0,70.0,188.0,-38.85845947265625,623.2536010742188
ThreePastShop1cor-cut,13.0,84.0,94.0,23.0,158.0,66.0,268.1060791015625,3879.40869140625
ThreePastShop1cor-cut,1.0,84.0,48.0,20.0,127.0,21.0,282.31072998046875,8192.4150390625
ThreePastShop1cor-cut,5.0,85.0,87.0,30.0,121.0,65.0,134.38389587402344,3927.499755859375
ThreePastShop1cor-cut,9.0,85.0,84.0,30.0,87.0,70.0,8.108185768127441,3645.89794921875
ThreePastShop1cor-cut,14.0,85.0,94.0,23.0,158.0,66.0,268.1060791015625,3879.40869140625
ThreePastShop1cor-cut,18.0,85.0,92.0,52.0,71.0,188.0,-37.14799499511719,623.2400512695312
ThreePastShop1cor-cut,0.0,85.0,46.0,21.0,127.0,19.0,292.2676696777344,8529.7138671875
ThreePastShop1cor-cut,10.0,86.0,85.0,30.0,89.0,71.0,14.731853485107422,3594.507568359375
ThreePastShop1cor-cut,13.0,86.0,94.0,24.0,158.0,66.0,268.1060791015625,3879.40869140625
ThreePastShop1cor-cut,12.0,86.0,89.0,30.0,121.0,67.0,131.45518493652344,3814.740966796875
ThreePastShop1cor-cut,17.0,86.0,92.0,52.0,70.0,188.0,-38.85845947265625,623.2536010742188
ThreePastShop1cor-cut,0.0,86.0,45.0,21.0,127.0,19.0,292.2676696777344,8529.7138671875
ThreePastShop1cor-cut,9.0,87.0,84.0,31.0,88.0,72.0,10.935675621032717,3543.39453125
ThreePastShop1cor-cut,16.0,87.0,91.0,53.0,70.0,188.0,-38.85845947265625,623.2536010742188
ThreePastShop1cor-cut,12.0,87.0,94.0,23.0,158.0,66.0,268.1060791015625,3879.40869140625
ThreePastShop1cor-cut,11.0,87.0,89.0,29.0,121.0,67.0,131.45518493652344,3814.740966796875
ThreePastShop1cor-cut,0.0,87.0,46.0,21.0,127.0,20.0,287.2103271484375,8358.392578125
ThreePastShop1cor-cut,11.0,88.0,84.0,30.0,89.0,72.0,14.370858192443848,3543.593505859375
ThreePastShop1cor-cut,18.0,88.0,91.0,53.0,70.0,188.0,-38.85845947265625,623.2536010742188
ThreePastShop1cor-cut,13.0,88.0,89.0,28.0,122.0,67.0,135.06527709960938,3814.971435546875
ThreePastShop1cor-cut,14.0,88.0,94.0,23.0,158.0,67.0,265.41989135742193,3823.29736328125
ThreePastShop1cor-cut,0.0,88.0,46.0,21.0,127.0,20.0,287.2103271484375,8358.392578125
ThreePastShop1cor-cut,8.0,89.0,83.0,31.0,86.0,72.0,4.066907882690431,3542.99658203125
ThreePastShop1cor-cut,13.0,89.0,98.0,23.0,158.0,65.0,270.84207153320307,3936.560791015625
ThreePastShop1cor-cut,17.0,89.0,92.0,53.0,70.0,188.0,-38.85845947265625,623.2536010742188
ThreePastShop1cor-cut,12.0,89.0,89.0,27.0,122.0,67.0,135.06527709960938,3814.971435546875
ThreePastShop1cor-cut,1.0,89.0,45.0,19.0,127.0,22.0,277.5616455078125,8031.53515625
ThreePastShop1cor-cut,6.0,90.0,83.0,32.0,86.0,72.0,4.066907882690431,3542.99658203125
ThreePastShop1cor-cut,15.0,90.0,93.0,54.0,70.0,187.0,-38.910099029541016,635.8593139648438
ThreePastShop1cor-cut,11.0,90.0,97.0,23.0,158.0,66.0,268.1060791015625,3879.40869140625
ThreePastShop1cor-cut,10.0,90.0,90.0,28.0,122.0,68.0,133.60784912109378,3760.10693359375
ThreePastShop1cor-cut,1.0,90.0,46.0,20.0,128.0,22.0,283.6898193359375,8032.5048828125
ThreePastShop1cor-cut,8.0,91.0,83.0,32.0,86.0,71.0,4.337816238403319,3593.8935546875
ThreePastShop1cor-cut,17.0,91.0,93.0,54.0,70.0,187.0,-38.910099029541016,635.8593139648438
ThreePastShop1cor-cut,13.0,91.0,96.0,23.0,158.0,67.0,265.41989135742193,3823.29736328125
ThreePastShop1cor-cut,12.0,91.0,90.0,28.0,123.0,67.0,138.67593383789062,3815.2021484375
ThreePastShop1cor-cut,1.0,91.0,45.0,20.0,127.0,22.0,277.5616455078125,8031.53515625
ThreePastShop1cor-cut,7.0,92.0,85.0,31.0,85.0,71.0,0.8742202520370483,3593.68896484375
ThreePastShop1cor-cut,17.0,92.0,93.0,54.0,70.0,187.0,-38.910099029541016,635.8593139648438
ThreePastShop1cor-cut,12.0,92.0,94.0,24.0,158.0,68.0,262.78219604492193,3768.1982421875
ThreePastShop1cor-cut,11.0,92.0,92.0,30.0,122.0,67.0,135.06527709960938,3814.971435546875
ThreePastShop1cor-cut,1.0,92.0,46.0,20.0,128.0,22.0,283.6898193359375,8032.5048828125
ThreePastShop1cor-cut,7.0,93.0,87.0,32.0,85.0,70.0,1.119363784790039,3645.476806640625
ThreePastShop1cor-cut,17.0,93.0,93.0,54.0,70.0,187.0,-38.910099029541016,635.8593139648438
ThreePastShop1cor-cut,12.0,93.0,94.0,24.0,158.0,68.0,262.78219604492193,3768.1982421875
ThreePastShop1cor-cut,11.0,93.0,91.0,32.0,121.0,66.0,132.9061279296875,3870.603759765625
ThreePastShop1cor-cut,0.0,93.0,46.0,21.0,127.0,20.0,287.2103271484375,8358.392578125
ThreePastShop1cor-cut,7.0,94.0,87.0,32.0,85.0,70.0,1.119363784790039,3645.476806640625
ThreePastShop1cor-cut,16.0,94.0,92.0,52.0,71.0,188.0,-37.14799499511719,623.2400512695312
ThreePastShop1cor-cut,12.0,94.0,94.0,24.0,158.0,68.0,262.78219604492193,3768.1982421875
ThreePastShop1cor-cut,11.0,94.0,91.0,32.0,121.0,66.0,132.9061279296875,3870.603759765625
ThreePastShop1cor-cut,0.0,94.0,46.0,21.0,127.0,20.0,287.2103271484375,8358.392578125
ThreePastShop1cor-cut,6.0,95.0,88.0,32.0,85.0,70.0,1.119363784790039,3645.476806640625
ThreePastShop1cor-cut,11.0,95.0,95.0,24.0,158.0,67.0,265.41989135742193,3823.29736328125
ThreePastShop1cor-cut,15.0,95.0,93.0,53.0,70.0,187.0,-38.910099029541016,635.8593139648438
ThreePastShop1cor-cut,10.0,95.0,93.0,33.0,121.0,66.0,132.9061279296875,3870.603759765625
ThreePastShop1cor-cut,0.0,95.0,47.0,21.0,127.0,19.0,292.2676696777344,8529.7138671875
ThreePastShop1cor-cut,5.0,96.0,90.0,32.0,85.0,70.0,1.119363784790039,3645.476806640625
ThreePastShop1cor-cut,9.0,96.0,96.0,24.0,158.0,68.0,262.78219604492193,3768.1982421875
ThreePastShop1cor-cut,14.0,96.0,91.0,53.0,70.0,188.0,-38.85845947265625,623.2536010742188
ThreePastShop1cor-cut,8.0,96.0,95.0,33.0,122.0,65.0,138.06097412109378,3927.743896484375
ThreePastShop1cor-cut,1.0,96.0,47.0,19.0,128.0,21.0,288.5351867675781,8193.421875
ThreePastShop1cor-cut,13.0,97.0,93.0,54.0,71.0,187.0,-37.19221878051758,635.84619140625
ThreePastShop1cor-cut,4.0,97.0,89.0,31.0,85.0,71.0,0.8742202520370483,3593.68896484375
ThreePastShop1cor-cut,8.0,97.0,97.0,23.0,159.0,67.0,269.05178833007807,3823.529296875
ThreePastShop1cor-cut,7.0,97.0,95.0,33.0,122.0,65.0,138.06097412109378,3927.743896484375
ThreePastShop1cor-cut,1.0,97.0,47.0,20.0,128.0,21.0,288.5351867675781,8193.421875
ThreePastShop1cor-cut,10.0,98.0,96.0,24.0,159.0,68.0,266.381103515625,3768.423828125
ThreePastShop1cor-cut,6.0,98.0,88.0,30.0,87.0,71.0,7.801953792572021,3594.09814453125
ThreePastShop1cor-cut,15.0,98.0,92.0,54.0,71.0,188.0,-37.14799499511719,623.2400512695312
ThreePastShop1cor-cut,9.0,98.0,96.0,35.0,122.0,65.0,138.06097412109378,3927.743896484375
ThreePastShop1cor-cut,1.0,98.0,47.0,19.0,128.0,21.0,288.5351867675781,8193.421875
ThreePastShop1cor-cut,10.0,99.0,96.0,24.0,159.0,68.0,266.381103515625,3768.423828125
ThreePastShop1cor-cut,15.0,99.0,92.0,54.0,71.0,188.0,-37.14799499511719,623.2400512695312
ThreePastShop1cor-cut,6.0,99.0,89.0,30.0,87.0,70.0,8.108185768127441,3645.89794921875
ThreePastShop1cor-cut,9.0,99.0,96.0,35.0,122.0,65.0,138.06097412109378,3927.743896484375
ThreePastShop1cor-cut,1.0,99.0,47.0,19.0,128.0,21.0,288.5351867675781,8193.421875
ThreePastShop1cor-cut,3.0,100.0,89.0,31.0,86.0,72.0,4.066907882690431,3542.99658203125
ThreePastShop1cor-cut,13.0,100.0,92.0,54.0,72.0,188.0,-35.43739700317383,623.2264404296875
ThreePastShop1cor-cut,6.0,100.0,97.0,36.0,122.0,64.0,139.60075378417972,3985.70849609375
ThreePastShop1cor-cut,7.0,100.0,94.0,24.0,159.0,70.0,261.1817626953125,3661.14306640625
ThreePastShop1cor-cut,1.0,100.0,45.0,18.0,129.0,23.0,285.0275573730469,7877.38916015625
ThreePastShop1cor-cut,16.0,100.0,39.0,37.0,340.0,246.0,335.9802551269531,33.20718002319336
ThreePastShop1cor-cut,6.0,101.0,95.0,35.0,122.0,66.0,136.54939270019528,3870.841064453125
ThreePastShop1cor-cut,5.0,101.0,86.0,33.0,87.0,74.0,6.914539337158202,3443.990234375
ThreePastShop1cor-cut,13.0,101.0,92.0,57.0,71.0,188.0,-37.14799499511719,623.2400512695312
ThreePastShop1cor-cut,7.0,101.0,94.0,24.0,160.0,70.0,264.71701049804693,3661.35595703125
ThreePastShop1cor-cut,1.0,101.0,45.0,18.0,129.0,22.0,289.8196716308594,8033.474609375
ThreePastShop1cor-cut,15.0,101.0,38.0,34.0,343.0,246.0,340.15380859375,33.119178771972656
ThreePastShop1cor-cut,4.0,102.0,86.0,32.0,88.0,75.0,9.976329803466797,3395.826416015625
ThreePastShop1cor-cut,5.0,102.0,96.0,35.0,122.0,66.0,136.54939270019528,3870.841064453125
ThreePastShop1cor-cut,6.0,102.0,95.0,24.0,160.0,70.0,264.71701049804693,3661.35595703125
ThreePastShop1cor-cut,13.0,102.0,95.0,56.0,72.0,186.0,-35.51133728027344,648.5493774414062
ThreePastShop1cor-cut,1.0,102.0,47.0,17.0,129.0,21.0,294.7613525390625,8194.4296875
ThreePastShop1cor-cut,5.0,103.0,96.0,35.0,122.0,67.0,135.06527709960938,3814.971435546875
ThreePastShop1cor-cut,4.0,103.0,84.0,32.0,88.0,76.0,9.667254447937012,3348.283935546875
ThreePastShop1cor-cut,6.0,103.0,93.0,24.0,160.0,71.0,262.15457153320307,3609.123291015625
ThreePastShop1cor-cut,13.0,103.0,95.0,57.0,72.0,186.0,-35.51133728027344,648.5493774414062
ThreePastShop1cor-cut,1.0,103.0,48.0,17.0,129.0,22.0,289.8196716308594,8033.474609375
ThreePastShop1cor-cut,6.0,104.0,97.0,35.0,122.0,66.0,136.54939270019528,3870.841064453125
ThreePastShop1cor-cut,5.0,104.0,85.0,31.0,88.0,75.0,9.976329803466797,3395.826416015625
ThreePastShop1cor-cut,7.0,104.0,92.0,24.0,160.0,72.0,259.63681030273443,3557.800537109375
ThreePastShop1cor-cut,14.0,104.0,94.0,57.0,72.0,187.0,-35.47420883178711,635.8330078125
ThreePastShop1cor-cut,1.0,104.0,47.0,17.0,129.0,21.0,294.7613525390625,8194.4296875
